{
	"id": "e34b0f09-a279-4577-86c3-2eb54057c98b",
	"name": "AMP",
	"values": [
		{
			"key": "url",
			"value": "localhost:5000",
			"description": {
				"content": "",
				"type": "text/plain"
			},
			"enabled": true
		},
		{
			"key": "live",
			"value": "https://mongodb-multi-instance-test.herokuapp.com",
			"description": {
				"content": "",
				"type": "text/plain"
			},
			"enabled": true
		},
		{
			"key": "token",
			"value": "4CWkvPYvahl0Y0k1553889835590",
			"description": {
				"content": "",
				"type": "text/plain"
			},
			"enabled": true
		},
		{
			"key": "token_admin",
			"value": "",
			"description": {
				"content": "",
				"type": "text/plain"
			},
			"enabled": true
		},
		{
			"key": "local",
			"value": "localhost:5000",
			"description": {
				"content": "",
				"type": "text/plain"
			},
			"enabled": true
		}
	],
	"_postman_variable_scope": "environment",
	"_postman_exported_at": "2019-03-29T22:44:11.600Z",
	"_postman_exported_using": "Postman/6.7.4"
}